n,network_type,logic_type,mean_slope,std_slope,mean_convergence_time,std_convergence_time,mean_final_disagreement,std_final_disagreement,mean_topic1_disagreement,mean_topic2_disagreement,mean_topic3_disagreement,convergence_rate,actual_repeats,repeat_stop_reason,slope_ci_half_width,slope_ci_target,mean_slope_from_mean_distance,mean_intercept_from_mean_distance
2,cycle_baseline,cascade,-0.5124715670162343,0.002066631480443056,32.8,1.813529401164726,2.365488574087408e-13,6.541597951094159e-13,1.365687197251157e-13,1.3656804276116182e-13,1.3657555649185826e-13,1.0,10,ci_stable,0.001280911462231525,0.051247156701623435,-0.5109700660318223,-1.5007856059266875
2,cycle_baseline,heterogeneous_cascade,-0.4861201371700018,0.04588300410140783,33.7,2.6687491868330784,1.2793392318156568e-09,9.616663928842379e-10,1.3738309013483032e-17,3.151115669098602e-15,1.2793392317744792e-09,1.0,10,ci_stable,0.028438580574854044,0.048612013717000184,-0.4618365801406961,-2.352922865867083
2,cycle_baseline,independent,-1.8602231408138665,0.575817016056705,15.966666666666667,3.4887339204668635,1.2570094404561696e-10,4.130505498353989e-10,2.556788315278836e-11,1.1440436387103865e-10,2.064615203186519e-11,1.0,30,max_repeats_reached,0.20605347287718692,0.1860223140813867,-0.7164932021094181,-2.6846485258204034
2,random_strong,cascade,-0.5110530380929411,0.0005294417050437562,34.2,1.6193277068654819,3.022278276826678e-17,3.373080208262437e-17,1.3401577416544657e-17,1.962615573354719e-17,1.9289424136608814e-17,1.0,10,ci_stable,0.00032815136853938585,0.051105303809294116,-0.5108524484002294,-0.9598874068906141
2,random_strong,heterogeneous_cascade,-0.49700854883749573,0.11180412744619826,35.15,5.677981479734724,1.980202999465309e-09,4.297069251617405e-09,5.55589801211323e-10,5.558093567475854e-10,1.6104840029271288e-09,1.0,20,ci_stable,0.04900031931041085,0.04970085488374959,-0.40808072512402,-2.1578767542999304
2,random_strong,independent,-1.6206713467321867,0.6289870604783193,17.766666666666666,5.456305010519124,6.4950877777537e-10,1.7098730388401895e-09,2.7295731796952684e-10,3.2947576053663664e-10,4.156786120188011e-10,1.0,30,max_repeats_reached,0.2250801289165232,0.16206713467321865,-0.6105921035949345,-2.6139635564884136
2,scale_free,cascade,-0.5157985621003702,0.015258181018717997,34.1,1.728840330651991,1.049678488889199e-10,3.3193725928122563e-10,6.06032048346257e-11,6.060320990953049e-11,6.060323231124372e-11,1.0,10,ci_stable,0.009457118574178221,0.05157985621003702,-0.5115249657477086,-0.9365565610483962
2,scale_free,heterogeneous_cascade,-0.5278403844360515,0.03940201710657999,33.0,3.1972210155418126,8.347337472434989e-10,6.215166296444199e-10,6.348869993185493e-11,6.354772307612703e-11,8.080263165163884e-10,1.0,10,ci_stable,0.024421623218495194,0.05278403844360516,-0.5007109951317981,-1.2634351098786984
2,scale_free,independent,-1.948953565574098,0.6634035702871038,16.566666666666666,5.8820787630490505,8.744954186167477e-10,3.826755896438469e-09,1.5569760610001093e-10,2.260909520776224e-10,7.534948501895968e-10,1.0,30,max_repeats_reached,0.23739591878146435,0.19489535655740975,-0.494532409955824,-3.326999244612534
2,small_world,cascade,-0.5131208451574002,0.005833164182092677,33.5,1.7159383568311657,1.3053812245688856e-14,4.000982963995834e-14,7.54139435356664e-15,7.535841134154536e-15,7.527990671861116e-15,1.0,10,ci_stable,0.0036154326171006813,0.05131208451574002,-0.5108007101954831,-1.2915538763858776
2,small_world,heterogeneous_cascade,-0.5698947135981733,0.06356700633014918,30.3,4.001388647846033,3.699907465488135e-10,4.92663089143881e-10,4.795452816499055e-14,1.1432431393664766e-12,3.699570122472937e-10,1.0,10,ci_stable,0.03939923871215609,0.056989471359817336,-0.4849166554848196,-2.368142696976355
2,small_world,independent,-1.543358553855391,0.6075771567126865,18.333333333333332,5.9151082616572985,6.142226210820904e-10,1.6658401765463957e-09,1.6113862000093182e-10,3.4691876037981904e-10,4.063607664252641e-10,1.0,30,max_repeats_reached,0.21741869324884133,0.15433585538553907,-0.46995895901360374,-3.118449585593229
3,cycle_baseline,cascade,-0.5293885785852603,0.026416134013171562,33.7,1.8885620632287063,4.1976222080886874e-11,7.915515252158822e-11,2.671816006667647e-11,2.671816087762651e-11,2.6718131892622832e-11,1.0,10,ci_stable,0.01637288948974185,0.052938857858526034,-0.5182990144914525,-1.1240976249514483
3,cycle_baseline,heterogeneous_cascade,-0.544404099569077,0.07018618017994507,34.3,3.6530048514126623,8.736033320385532e-10,6.362929395452448e-10,2.9284495757860966e-10,2.9277755978776576e-10,7.8697939530036e-10,1.0,10,ci_stable,0.04350184516857621,0.0544404099569077,-0.4338325353555003,-1.4932171395073595
3,cycle_baseline,independent,-0.7628471131157675,0.0700817755447569,26.5,2.2730302828309763,1.3902142434453956e-09,4.2422185409592287e-10,7.742276576949142e-10,8.132856652083025e-10,6.853525958682652e-10,1.0,10,ci_stable,0.043437134505263396,0.07628471131157676,-0.6922849833401216,-0.24222435398235106
3,random_strong,cascade,-0.5240485933865463,0.028624157647364187,34.2,2.6997942308422123,2.469469764815096e-09,6.682702967456281e-09,1.6198832434421992e-09,1.6198832484885745e-09,1.619883244358331e-09,1.0,10,ci_stable,0.01774143671680192,0.05240485933865463,-0.48611136054217785,-0.9908415180559789
3,random_strong,heterogeneous_cascade,-0.546569074579873,0.05189698641001722,32.7,2.9832867780352594,6.286272274513632e-10,6.069473761922523e-10,2.3397319518145653e-11,2.344518975290827e-11,6.700315546692574e-10,1.0,10,ci_stable,0.03216608542787406,0.054656907457987305,-0.4804031182439835,-1.3834723384013043
3,random_strong,independent,-0.7685034965982779,0.3695305611823468,30.166666666666668,10.589791223670064,4.3324234387429665e-09,9.720322120390651e-09,2.6575100013736098e-09,2.8931516708286744e-09,1.9450868419974413e-09,1.0,30,max_repeats_reached,0.1322348130441147,0.07685034965982783,-0.2997845925343834,-2.5234071108741385
3,scale_free,cascade,-0.5110639076048948,0.0004980057315493979,34.2,1.3165611772087662,4.287673439716677e-12,1.099746205303805e-11,2.692982427065177e-12,2.6929871521496915e-12,2.6929856853657518e-12,1.0,10,ci_stable,0.0003086671503048379,0.051106390760489485,-0.5110193898406878,-1.0269005502326614
3,scale_free,heterogeneous_cascade,-0.5268371409434496,0.05610275606019466,33.4,2.5473297566057065,8.01377622491662e-10,5.738334531672673e-10,1.091157651516656e-12,1.276296883924049e-12,8.827939096129334e-10,1.0,10,ci_stable,0.03477284846395383,0.05268371409434496,-0.4813473606940808,-1.4708952676789269
3,scale_free,independent,-1.3429148035797307,0.4840387935439657,18.7,4.027063617489838,4.298215864873742e-10,1.075844601882576e-09,2.9901530800934174e-10,2.0745491759281828e-10,2.5515172380892224e-10,1.0,30,max_repeats_reached,0.1732110577419891,0.13429148035797306,-0.5824311973224987,-3.352231552514888
3,small_world,cascade,-0.511263564118407,0.000590982236096933,34.2,1.229272594305718,1.2520960618056684e-14,3.144850454960447e-14,7.919360294457108e-15,7.939642927674432e-15,7.926366893864185e-15,1.0,10,ci_stable,0.00036629458486206587,0.051126356411840705,-0.510996859095513,-1.0586902962129652
3,small_world,heterogeneous_cascade,-0.504781067958125,0.03564004221833805,34.1,2.2335820757001277,5.995692639382276e-10,2.5268294054281434e-10,1.645970411315274e-15,2.2734549616541898e-14,6.685589208186548e-10,1.0,10,ci_stable,0.022089927025643632,0.05047810679581251,-0.4925737976939334,-1.2903890542518048
3,small_world,independent,-1.6137387069676228,0.5534857354157635,17.2,3.863177180901037,1.2950682648033659e-10,3.677095873840976e-10,7.344640064860702e-11,8.131928129768626e-11,8.6132816841807e-11,1.0,30,max_repeats_reached,0.1980623267291058,0.16137387069676226,-0.7702509019816312,-2.036492114537706
4,cycle_baseline,cascade,-0.3623693266345859,0.02114295716387573,49.0,2.788866755113585,1.1697908717345773e-08,2.9579887103372704e-09,7.681512938089398e-09,7.681512938028913e-09,7.681512935230235e-09,1.0,10,ci_stable,0.013104540617407352,0.036236932663458586,-0.35098954521227577,-0.11881245623050643
4,cycle_baseline,heterogeneous_cascade,-0.35204122409289373,0.03011612442515313,49.4,4.835057163858331,1.2718632852179483e-08,5.211112014290288e-09,8.650999791213483e-09,8.650999781225932e-09,8.64401407201481e-09,1.0,10,ci_stable,0.01866616730618055,0.03520412240928938,-0.30718196764878275,-0.8843207415413785
4,cycle_baseline,independent,-0.370432175966873,0.022904199142577495,48.9,2.4698178070456938,1.0580176999409652e-08,2.615771971338288e-09,5.427500755058213e-09,7.831982509773767e-09,4.694754644190448e-09,1.0,10,ci_stable,0.014196169705433633,0.03704321759668731,-0.3608474691425364,-0.06331165875352347
4,random_strong,cascade,-0.44031269714095067,0.0985590054526818,42.32,8.576712656956627,1.0307596901792448e-08,1.1699234343486458e-08,6.8461005189874664e-09,6.846100516460291e-09,6.846100503198583e-09,1.0,25,ci_stable,0.03863513013745127,0.04403126971409507,-0.25148811508614427,-2.9680504476132787
4,random_strong,heterogeneous_cascade,-0.4373583647332978,0.08169856838334676,42.266666666666666,7.3530039213009175,6.837631975310188e-09,4.273198265535327e-09,4.5091142596795485e-09,4.509110223014459e-09,4.834173955598301e-09,1.0,15,ci_stable,0.041345180115004806,0.0437358364733298,-0.3483320396400079,-0.7783615313112583
4,random_strong,independent,-0.5153439117159572,0.1892560374974527,39.63333333333333,9.654312359067152,8.436106432499694e-09,6.584188295967854e-09,5.538433848908003e-09,4.6548313683339464e-09,4.609140247933346e-09,1.0,30,max_repeats_reached,0.06772440324251364,0.05153439117159571,-0.3611970359289168,-0.859857231292871
4,scale_free,cascade,-0.5203638254747179,0.022459047915954464,32.7,2.162817093001111,3.9456799856538504e-13,7.03304003890634e-13,2.561785688341871e-13,2.561813498745833e-13,2.561781595524579e-13,1.0,10,ci_stable,0.013920262116681707,0.05203638254747178,-0.5107486017240825,-1.4739673251980279
4,scale_free,heterogeneous_cascade,-0.5143265616640694,0.063501966919089,34.5,2.5055493963954847,1.0039670771818556e-09,4.793961488953356e-10,8.239607438645191e-11,8.244811976062732e-11,1.1302845446371798e-09,1.0,10,ci_stable,0.039358926867537364,0.051432656166406944,-0.4882035612843362,-1.214718264041136
4,scale_free,independent,-1.1578966012754282,0.3686520228636617,21.033333333333335,5.555260528564784,6.956802666966637e-10,1.6433157963643145e-09,4.6464326945072876e-10,2.985950380169413e-10,4.689336599867291e-10,1.0,30,max_repeats_reached,0.13192043214432733,0.11578966012754284,-0.4899458723013187,-2.9474013801308643
4,small_world,cascade,-0.5398801290464204,0.07728373718719578,32.1,3.0349812373573433,3.9080671409195885e-17,2.7402845028922844e-17,3.163192453368304e-17,2.217491282904698e-17,2.3893136251354564e-17,1.0,10,ci_stable,0.04790095657787311,0.05398801290464205,-0.5111768394684991,-1.6244121738913475
4,small_world,heterogeneous_cascade,-0.514240322837959,0.05885566401541615,33.2,3.6757463338907264,7.446515043957056e-10,5.293691233909389e-10,1.5622715018154188e-11,1.5625833043109032e-11,8.664397972863115e-10,1.0,10,ci_stable,0.036479118492103974,0.0514240322837959,-0.46325126318449644,-1.9963558153472927
4,small_world,independent,-1.439274330675974,0.3712445345539613,17.666666666666668,3.043742403044639,9.557311977266731e-11,1.7642979009967862e-10,6.708284021593629e-11,3.958164007646045e-11,5.6908871012918404e-11,1.0,30,ci_stable,0.132848150538131,0.14392743306759742,-0.8002405856835151,-1.7592009882549364
5,cycle_baseline,cascade,-0.22341854800487101,0.010353209769553492,74.5,5.359311730271178,2.6554741502969834e-08,7.704860990093312e-09,1.67469691544006e-08,1.67469691544006e-08,1.674696915757394e-08,1.0,10,ci_stable,0.0064169858971980225,0.0223418548004871,-0.22138871857780337,-0.2231876435162814
5,cycle_baseline,heterogeneous_cascade,-0.2337299605531558,0.02518437317080271,72.1,8.102811583367561,2.672225761470706e-08,9.041919056268652e-09,1.769599410220008e-08,1.7695994099362467e-08,1.7695994162564456e-08,1.0,10,ci_stable,0.015609436210021166,0.023372996055315582,-0.21587011564984887,-0.5184978177468437
5,cycle_baseline,independent,-0.2259865726219346,0.01833496291012085,75.7,5.313504806936128,2.5217034668365814e-08,5.215127204013733e-09,1.408461699808813e-08,1.2615424033895215e-08,1.544564967157108e-08,1.0,10,ci_stable,0.011364127747695428,0.022598657262193463,-0.2164083725488139,-0.307256360305132
5,random_strong,cascade,-0.3737049522298017,0.10424717890254269,50.53333333333333,13.072037366820073,1.149382005356053e-08,8.10839296700452e-09,7.699900848935116e-09,7.699900848940484e-09,7.699900841010279e-09,1.0,30,ci_stable,0.037304373874916856,0.037370495222980166,-0.23154965777005315,-1.8815495374910822
5,random_strong,heterogeneous_cascade,-0.3483737727994998,0.11547741522100444,53.9,13.852299697037736,2.251258946856358e-08,2.653346423695807e-08,1.5061569491347667e-08,1.5061569495591875e-08,1.5059793983046742e-08,1.0,30,max_repeats_reached,0.04132306232997057,0.034837377279949996,-0.22741011487601367,-1.6438870470790123
5,random_strong,independent,-0.37597101251519865,0.13835803603916935,52.666666666666664,15.870887104105563,1.8291145315747444e-08,1.4461648196352368e-08,1.0844760152651566e-08,8.836869059376304e-09,1.1184549447385173e-08,1.0,30,max_repeats_reached,0.04951078733583363,0.03759710125151986,-0.2218374454627921,-1.4202421632259983
5,scale_free,cascade,-0.5100952419924911,0.0194629187832817,34.3,2.4060109910158114,1.4400549784175016e-09,2.9410788725519883e-09,9.900090418305958e-10,9.900090464451618e-10,9.900090369778068e-10,1.0,10,ci_stable,0.012063242040928485,0.051009524199249125,-0.4976629386731085,-1.112310942000052
5,scale_free,heterogeneous_cascade,-0.4953301745844473,0.04275804451819181,35.6,3.2041639575194436,1.7650085755553302e-09,2.1402899683985477e-09,7.068211018728366e-10,7.068219890843446e-10,1.4998835051364658e-09,1.0,10,ci_stable,0.026501710558583157,0.049533017458444725,-0.47678504185832066,-1.1006320685481965
5,scale_free,independent,-0.8977898593291506,0.2804303963987599,25.3,7.120393247567158,1.840790006296125e-09,4.0664387150476105e-09,1.4637018249853777e-09,7.767109311349088e-10,9.959473393528745e-10,1.0,30,max_repeats_reached,0.10035072855957465,0.08977898593291506,-0.3123404468613366,-4.529954079784831
5,small_world,cascade,-0.5211391618038484,0.030825359443166667,33.1,2.6012817353502213,6.096366253979223e-17,4.6988963086097776e-17,2.961170072659885e-17,3.923814808865338e-17,4.45454212746522e-17,1.0,10,ci_stable,0.019105755724622114,0.052113916180384856,-0.5107886136116379,-1.1825832070965798
5,small_world,heterogeneous_cascade,-0.49468781113360516,0.059330397374655154,34.4,4.575295983139597,8.133380016629933e-10,2.1238735997987242e-10,9.238810155650368e-17,1.9478715149881136e-14,9.695851400330994e-10,1.0,10,ci_stable,0.036773361276609795,0.04946878111336052,-0.4365202404532916,-1.9833484015073286
5,small_world,independent,-1.3980594194059166,0.3026378435862752,17.64,3.053413390507963,1.8707119911586183e-10,6.769608294013807e-10,1.5934820748332365e-10,1.08422793564164e-10,3.220860640447483e-11,1.0,25,ci_stable,0.11863403468581987,0.13980594194059168,-0.674550311451848,-3.2082166090448205
6,cycle_baseline,cascade,-0.16150683882148317,0.01056744764427808,102.0,8.56348838577675,4.001855416723471e-08,1.0088505794645926e-08,2.6343050083793306e-08,2.63430500833783e-08,2.634305008166164e-08,1.0,10,ci_stable,0.006549771907657911,0.01615068388214832,-0.15414259360629787,-0.41991502278320736
6,cycle_baseline,heterogeneous_cascade,-0.16185260863559683,0.016079310425491513,102.2,10.086294331087771,4.0873877924394084e-08,1.3601891618979208e-08,2.684975273662923e-08,2.684975273336352e-08,2.6849752741320796e-08,1.0,10,ci_stable,0.00996605985329109,0.016185260863559685,-0.15147078368357528,-0.4975619209495073
6,cycle_baseline,independent,-0.15485051987425108,0.016132864104695856,104.8,7.254117604658906,4.763944429605135e-08,8.644645557335267e-09,2.6586481184733355e-08,3.012292025244705e-08,2.3515549108987126e-08,1.0,10,ci_stable,0.00999925276755116,0.015485051987425108,-0.14918016390758676,-0.8533550977857064
6,random_strong,cascade,-0.271208486455083,0.08851937913268643,67.63333333333334,19.96286782889731,3.614343796796527e-08,2.8433654884633174e-08,2.4384247566073423e-08,2.4384247566874465e-08,2.4384247563593476e-08,1.0,30,max_repeats_reached,0.03167625300851863,0.027120848645508303,-0.15441630188015634,-2.316777558734036
6,random_strong,heterogeneous_cascade,-0.33607133619697116,0.11752127330135397,57.766666666666666,17.137744858953138,2.1169162916213713e-08,1.771509012459508e-08,1.4524290278685888e-08,1.4524290335900778e-08,1.4560759408566939e-08,1.0,30,max_repeats_reached,0.0420544475509357,0.03360713361969712,-0.17777402467111614,-2.4476235269983606
6,random_strong,independent,-0.30002262220088277,0.11438214574543361,64.93333333333334,21.066288371403413,3.389827156171684e-08,3.438072149590795e-08,1.902873354884374e-08,1.910205465864141e-08,2.0350443613260403e-08,1.0,30,max_repeats_reached,0.0409311251817368,0.03000226222008828,-0.15271275044966368,-2.631952120541388
6,scale_free,cascade,-0.5187099563178946,0.02283687797508365,34.1,1.3703203194062987,1.5161073779912657e-09,3.066037417886844e-09,9.969053929075684e-10,9.969053898565995e-10,9.969054578784452e-10,1.0,10,ci_stable,0.014154443613525271,0.051870995631789464,-0.5144133619796495,-1.078821692985008
6,scale_free,heterogeneous_cascade,-0.5242892130656294,0.05003755418323243,33.8,2.0976176963403024,8.044684430490591e-10,7.79730460177321e-10,2.2035697638334237e-10,2.2036191207792005e-10,7.871772582273287e-10,1.0,10,ci_stable,0.031013597393567745,0.05242892130656294,-0.5081234052257981,-1.2481214931719087
6,scale_free,independent,-0.7895232949892965,0.2575642300348246,28.4,9.394055346977098,3.760268592852355e-09,6.808285161964339e-09,2.6352492630900217e-09,1.8194991700961724e-09,2.659252230472888e-09,1.0,30,max_repeats_reached,0.09216817601372837,0.07895232949892966,-0.3396473152632714,-2.8504645052462423
6,small_world,cascade,-0.5114700328517011,0.00168519887346414,34.5,0.8498365855987974,1.287109908161072e-14,3.3263462483485676e-14,8.514079033055776e-15,8.499022895507646e-15,8.506660864960949e-15,1.0,10,ci_stable,0.001044497083097333,0.051147003285170106,-0.5113552107071977,-0.9449206504480572
6,small_world,heterogeneous_cascade,-0.5033147878279814,0.03009400516695162,34.5,1.8408935028645435,4.85500570107206e-10,1.6943986501068012e-10,2.152856010131141e-16,4.085139713762091e-16,5.652034642728128e-10,1.0,10,ci_stable,0.018652457647910802,0.05033147878279814,-0.4937458196828533,-1.4411335474347269
6,small_world,independent,-1.1932282907968788,0.12668397544224796,19.0,1.3333333333333333,1.4885663691270784e-10,1.1681718684849999e-10,1.088764338195843e-10,8.425083543347171e-11,7.363137687776392e-11,1.0,10,ci_stable,0.07851954146669869,0.11932282907968789,-1.1061151208992859,-0.011531999719990419
7,cycle_baseline,cascade,-0.11742608977666529,0.010704572210771812,138.2,10.336558636434296,5.555998126867083e-08,1.8090414319473522e-08,3.620272084887149e-08,3.620272084979749e-08,3.6202720848798045e-08,1.0,10,ci_stable,0.006634762594501455,0.01174260897766653,-0.11185610648940728,-0.5924729882388857
7,cycle_baseline,heterogeneous_cascade,-0.11709064234187667,0.006765719671607053,136.2,8.270429251254136,4.977473871939043e-08,7.202382167961182e-09,3.234001150959402e-08,3.234001150802584e-08,3.234001151246627e-08,1.0,10,ci_stable,0.004193436497807006,0.011709064234187667,-0.11410337638030962,-0.7998438839866889
7,cycle_baseline,independent,-0.11735037553828798,0.0064872626909520965,136.4,7.7201036262475125,5.730463733437671e-08,8.487802238326148e-09,2.920880730972377e-08,3.782403825632101e-08,2.8087468165010252e-08,1.0,10,ci_stable,0.004020847073115358,0.011735037553828799,-0.11407499043311788,-0.6658932394349641
7,random_strong,cascade,-0.28194220106829704,0.10376025027141998,67.83333333333333,25.685207514393795,2.495538063110046e-08,1.972982973440136e-08,1.696039008790382e-08,1.6960390088147274e-08,1.696039008710232e-08,1.0,30,max_repeats_reached,0.03713012870207832,0.028194220106829704,-0.11147043809641924,-3.209559478385437
7,random_strong,heterogeneous_cascade,-0.25673773428137225,0.08438275316547715,72.93333333333334,26.876387962020818,2.7156785037544544e-08,1.5338476520831147e-08,1.842203581050372e-08,1.8422035810494288e-08,1.8416406001196667e-08,1.0,30,max_repeats_reached,0.030195980417106565,0.02567377342813723,-0.1062238792411541,-3.1711223490026477
7,random_strong,independent,-0.23843731517792627,0.09142697462426778,79.66666666666667,27.119573454754335,3.977464557305885e-08,2.8947553628488983e-08,2.358768544863118e-08,2.3437952952416332e-08,2.1554847831773918e-08,1.0,30,max_repeats_reached,0.0327167226925604,0.023843731517792625,-0.10653778249447826,-3.286762306036118
7,scale_free,cascade,-0.5123667155311157,0.07025116046041209,35.666666666666664,5.052109413285654,3.597920767316338e-09,6.277011529416034e-09,2.2930607587472317e-09,2.2930607560441225e-09,2.2930607464826756e-09,1.0,15,ci_stable,0.03555199240328301,0.05123667155311158,-0.33970583237983554,-2.951198914328247
7,scale_free,heterogeneous_cascade,-0.5084839244039387,0.05412384764418593,35.3,3.8887301554906353,2.351267366226044e-09,2.217480779263951e-09,1.239771820313547e-09,1.2397749847757355e-09,1.8130277100729478e-09,1.0,10,ci_stable,0.03354630832036297,0.050848392440393866,-0.47083770993353397,-0.9232804337778764
7,scale_free,independent,-0.721335771811052,0.19398517990662237,28.9,5.761644880078772,2.561427955992321e-09,3.578804569725e-09,1.4949038888513495e-09,1.3696712003877461e-09,1.8478389811150352e-09,1.0,30,ci_stable,0.0694167051196159,0.07213357718110522,-0.40382083613555303,-3.1941150393411033
7,small_world,cascade,-0.5350500944515306,0.05045599109629492,32.8,2.3475755815545347,1.1668896151425627e-10,3.689628595594905e-10,7.734013017409603e-11,7.734013321443487e-11,7.734010468435472e-11,1.0,10,ci_stable,0.03127294727923174,0.05350500944515307,-0.5134819075930321,-1.150739376440947
7,small_world,heterogeneous_cascade,-0.5142800407910837,0.03464733772164931,34.0,2.6246692913372693,5.528394423422552e-10,2.4858430717313414e-10,2.01836157534973e-14,3.275714091123869e-14,6.986041098382169e-10,1.0,10,ci_stable,0.021474642404050243,0.05142800407910837,-0.49178913600093,-1.3278343394954977
7,small_world,independent,-1.1346776987074918,0.10889640636337143,20.2,1.1352924243950933,1.3269090981924594e-10,1.0531904174316049e-10,9.053229425078944e-11,6.205569080256733e-11,9.37628400154978e-11,1.0,10,ci_stable,0.06749469193063938,0.11346776987074919,-1.069308416654424,0.34204026042263874
8,cycle_baseline,cascade,-0.08908573463918878,0.003884720725871866,170.6,11.266469426281391,9.499734279963593e-08,5.36662513790383e-08,6.06901874956165e-08,6.06901874956165e-08,6.06901874956165e-08,1.0,10,ci_stable,0.002407774851213868,0.008908573463918877,-0.08787221570658076,-0.9233319472234267
8,cycle_baseline,heterogeneous_cascade,-0.08724735034577917,0.004304065642969443,176.9,13.278637815010324,7.295931403768292e-08,1.9124778424110587e-08,4.7394479727634056e-08,4.739447972231482e-08,4.7394479732797794e-08,1.0,10,ci_stable,0.0026676875236094615,0.008724735034577918,-0.08439070100591037,-0.8333585772426908
8,cycle_baseline,independent,-0.09090674925138788,0.006843191460411984,172.3,13.466419139639331,8.069538000542846e-08,2.633159761775547e-08,3.676792152915672e-08,4.96171572081685e-08,4.9874694939514814e-08,1.0,10,ci_stable,0.004241454009985105,0.009090674925138788,-0.08544781292180983,-0.967280773766243
8,random_strong,cascade,-0.2755516147590196,0.10850140044264105,69.5,23.176608302635508,3.169856902248379e-08,3.42980357778473e-08,2.1292590621746763e-08,2.12925906216647e-08,2.1292590621199646e-08,1.0,30,max_repeats_reached,0.038826727501645876,0.02755516147590196,-0.1406931643213757,-2.7578071587202904
8,random_strong,heterogeneous_cascade,-0.25804623526158355,0.10400093506493911,74.36666666666666,29.37801586377055,4.434171698442748e-08,5.0414968159004384e-08,3.100537166489288e-08,3.100537177395195e-08,3.102561922707548e-08,1.0,30,max_repeats_reached,0.037216256649308804,0.025804623526158355,-0.08083624099304362,-5.136980975807597
8,random_strong,independent,-0.32270602737377707,0.12060036404419436,62.9,26.261746140438333,2.6701756491713483e-08,2.2570946787597443e-08,1.7592828967538275e-08,1.4756797333992126e-08,1.556831773715277e-08,1.0,30,max_repeats_reached,0.04315628602248894,0.0322706027373777,-0.11063071038036147,-3.2246236011864586
8,scale_free,cascade,-0.48853466507404447,0.09159541390303913,37.85,8.875009266118216,6.060596431604479e-09,8.912841463018122e-09,4.247592760537195e-09,4.247592761832424e-09,4.247592745946636e-09,1.0,20,ci_stable,0.040143460095227256,0.04885346650740445,-0.24103369246932488,-3.40515883012732
8,scale_free,heterogeneous_cascade,-0.5060281596455158,0.048720572474423726,35.2,2.8596814119369616,2.485233895290765e-09,3.176091428303566e-09,1.3723104142837638e-09,1.3723106069289967e-09,1.925380920629506e-09,1.0,10,ci_stable,0.03019732367359098,0.05060281596455159,-0.48634380607506084,-0.9774911287735416
8,scale_free,independent,-0.6663606868103241,0.19084105589905917,30.9,6.16637153689546,3.8199261533763975e-09,4.092129063966327e-09,2.5988554204350392e-09,2.2156975005828014e-09,2.0093899051220452e-09,1.0,30,max_repeats_reached,0.06829159479315913,0.06663606868103245,-0.44979270476362504,-1.8433146693836073
8,small_world,cascade,-0.5245352597338384,0.015676851948452166,34.6,1.0749676997731392,2.9385472665885044e-11,6.237922948286152e-11,1.921377298567653e-11,1.921377582345531e-11,1.9213773848220605e-11,1.0,10,ci_stable,0.009716613504878052,0.052453525973383854,-0.519371498934888,-0.6519714159146567
8,small_world,heterogeneous_cascade,-0.5424184248684211,0.04554817915871647,33.1,2.4244128727957572,9.093779720815719e-10,5.210319924634976e-10,1.1142798574010888e-10,1.1142056552966499e-10,1.0179941445249862e-09,1.0,10,ci_stable,0.028231053925331383,0.05424184248684211,-0.5099516963535394,-1.0103430162508897
8,small_world,independent,-0.8307107951042839,0.13128066028461494,25.7,3.1640339933558095,5.129166309354927e-10,3.099637490001357e-10,2.755542919810619e-10,3.465752995213382e-10,3.1942180419844135e-10,1.0,10,ci_stable,0.08136859624911763,0.0830710795104284,-0.708746410739434,-0.1844953352896065
9,cycle_baseline,cascade,-0.07117199549944533,0.005105107417585514,213.7,19.11979776741027,1.0063143326139199e-07,2.8673218007568496e-08,6.507230385115706e-08,6.507230385153224e-08,6.507230385134264e-08,1.0,10,ci_stable,0.003164178359320549,0.007117199549944534,-0.06741147535888332,-1.1365395081987917
9,cycle_baseline,heterogeneous_cascade,-0.07037311637196339,0.005721163760686309,217.9,19.891092367076165,8.108218193185878e-08,2.5754970132984694e-08,5.233826573789378e-08,5.233826573871789e-08,5.2338265738921854e-08,1.0,10,ci_stable,0.0035460140367143127,0.007037311637196339,-0.06510333089523732,-1.4033522850744014
9,cycle_baseline,independent,-0.06945337839871682,0.004401021983063155,222.5,14.175487449976616,8.599892432163915e-08,1.917784227925561e-08,5.2547712047729945e-08,5.176016321827387e-08,3.6569762710750395e-08,1.0,10,ci_stable,0.002727781685794306,0.006945337839871682,-0.06750194355753844,-0.9508959094495109
9,random_strong,cascade,-0.297738069133111,0.12029529067921498,64.93333333333334,22.434476751786228,3.342447748864225e-08,3.408323230800231e-08,2.261130975270413e-08,2.2611309752462174e-08,2.2611309747277105e-08,1.0,30,max_repeats_reached,0.04304711692087605,0.029773806913311104,-0.12280640521079217,-3.988655315603079
9,random_strong,heterogeneous_cascade,-0.2595304440340831,0.041530034201276524,66.9,8.517302650748324,2.943333067261684e-08,1.76691226335138e-08,1.9953858128830656e-08,1.9953858128051244e-08,1.9953858380641554e-08,1.0,10,ci_stable,0.025740581878622194,0.02595304440340831,-0.2185860310669488,-0.7680532664184525
9,random_strong,independent,-0.24331846201105203,0.08693250168973543,78.83333333333333,28.146272287430193,3.227174462482121e-08,1.8934934430471944e-08,2.0270173750323534e-08,1.9039316582538715e-08,1.8566754696405007e-08,1.0,30,max_repeats_reached,0.031108396208471726,0.024331846201105206,-0.11618014201817374,-2.5658746652861213
9,scale_free,cascade,-0.5219244347261514,0.056471612317178226,34.8,1.8135294011647263,2.9161458731971814e-09,6.077242571523903e-09,2.149723143658048e-09,2.149723140007618e-09,2.1497231194353675e-09,1.0,10,ci_stable,0.03500146794060323,0.05219244347261514,-0.5015664798368092,-0.8078789461820763
9,scale_free,heterogeneous_cascade,-0.5091586868162514,0.044029323422061645,36.4,3.339993346633427,2.28696116576864e-09,2.283839059130291e-09,1.299763190758381e-09,1.2997629864385647e-09,1.7653777098334301e-09,1.0,10,ci_stable,0.027289657386583125,0.050915868681625134,-0.4581731474179005,-0.8297398247554818
9,scale_free,independent,-0.6121426878965253,0.174092502607993,32.96666666666667,7.416120992453714,4.5757474954298284e-09,4.7262528977578715e-09,2.6349404181343183e-09,2.7075441178411724e-09,2.6856778074407033e-09,1.0,30,max_repeats_reached,0.062298201970337475,0.061214268789652526,-0.33970243453633003,-2.68355369034332
9,small_world,cascade,-0.5385730908760256,0.02748317224697728,33.9,0.7378647873726221,2.6305353597684014e-10,4.4142529645544174e-10,1.7883447373371759e-10,1.78834478804577e-10,1.7883446963887437e-10,1.0,10,ci_stable,0.017034246638926474,0.053857309087602556,-0.5357718356881174,-0.3474381813750665
9,small_world,heterogeneous_cascade,-0.5221643851219826,0.04112948257758344,34.5,2.0682789409984763,1.3527136499074855e-09,1.2545248057635867e-09,6.048708614849407e-10,6.048706276193098e-10,1.1412935332121366e-09,1.0,10,ci_stable,0.025492317410157835,0.05221643851219826,-0.5000088072169268,-0.7169289334684146
9,small_world,independent,-0.6825750118716901,0.11543802438980016,30.066666666666666,3.7695522027853396,9.682669646257721e-10,4.084107407200956e-10,5.788070734982782e-10,4.677235851314181e-10,6.622561571987409e-10,1.0,15,ci_stable,0.05841970067482212,0.06825750118716904,-0.5845800985522955,-0.19592696725610723
10,cycle_baseline,cascade,-0.060492387667369196,0.005305595539823068,254.2,21.384314085069196,8.694767278463921e-08,1.9146530446265785e-08,5.585440215666724e-08,5.585440215666724e-08,5.585440215666724e-08,1.0,10,ci_stable,0.003288442184896411,0.00604923876673692,-0.05754988884822029,-1.0725427417978468
10,cycle_baseline,heterogeneous_cascade,-0.05675722437006483,0.0043727418656452684,264.2,28.522116175191336,8.798835280108142e-08,1.7871191636419204e-08,5.66587932265853e-08,5.665879322898655e-08,5.6658793227032406e-08,1.0,10,ci_stable,0.002710253487420955,0.005675722437006483,-0.05400154404371209,-1.2722523042756282
10,cycle_baseline,independent,-0.057638282473468395,0.0018814150730905256,264.2,8.230026326405845,9.652535063656339e-08,1.9541098390154368e-08,5.393707496207131e-08,6.31910959196589e-08,4.176961118335655e-08,1.0,10,ci_stable,0.0011661131436070935,0.005763828247346839,-0.057133798236215304,-1.0488030908342296
10,random_strong,cascade,-0.26520398785624305,0.12636516447791246,81.53333333333333,47.23655315561233,4.014562739951151e-08,3.541161008670901e-08,2.734122281108181e-08,2.734122280984273e-08,2.734122281248217e-08,1.0,30,max_repeats_reached,0.04521919336403676,0.026520398785624306,-0.0677016321008181,-3.8144609516190306
10,random_strong,heterogeneous_cascade,-0.24644490234447866,0.09194258375042659,76.5,28.63413684928268,4.26598116267596e-08,3.9913663857183986e-08,2.9237029121890432e-08,2.923702911511565e-08,2.9224129487769583e-08,1.0,30,max_repeats_reached,0.03290123104873882,0.024644490234447865,-0.09544637142733385,-3.636460781479237
10,random_strong,independent,-0.2592823001143607,0.10132195559590086,85.73333333333333,82.2271594251342,1.911690265846642e-07,8.452447545615582e-07,4.587227261533733e-08,6.451476841025243e-08,1.7582948547954232e-07,0.9666666666666667,30,max_repeats_reached,0.03625759615826897,0.02592823001143607,-0.021082446361856303,-7.210029314913229
10,scale_free,cascade,-0.5158955411628077,0.03846617423182422,36.0,2.494438257849294,2.949805913234003e-09,3.152788170507555e-09,1.9794932825254013e-09,1.9794932820033817e-09,1.9794932417003303e-09,1.0,10,ci_stable,0.023841581795306682,0.05158955411628077,-0.500821805518149,-0.2947259410881373
10,scale_free,heterogeneous_cascade,-0.5011818815584874,0.06087623313703768,36.9,3.510302297840203,3.234498240629977e-09,3.897883216232893e-09,2.176094274645029e-09,2.176049331203806e-09,2.296689071087759e-09,1.0,10,ci_stable,0.03773148020855343,0.050118188155848745,-0.4205212106296213,-1.0944075539690328
10,scale_free,independent,-0.5324006986668007,0.16980825599479848,37.56666666666667,9.283590763883572,8.894419529950698e-09,1.238953118303158e-08,4.67518410766812e-09,7.3137678901716275e-09,3.862153358922811e-09,1.0,30,max_repeats_reached,0.060765104009189164,0.053240069866680076,-0.27678595361562436,-3.0695084887792765
10,small_world,cascade,-0.5377842379497016,0.0471556177217984,35.4,2.836272984824352,1.143014568173298e-09,1.007951145210746e-09,7.619691608959316e-10,7.619691586244159e-10,7.619691509991137e-10,1.0,10,ci_stable,0.029227354668724316,0.05377842379497018,-0.4849561559541287,-0.2232067568260647
10,small_world,heterogeneous_cascade,-0.5269023588350128,0.0486600508621715,36.3,2.6687491868330784,1.7062581660717705e-09,1.102522054719458e-09,1.0385115291711511e-09,1.0385115445960973e-09,1.1787720487515387e-09,1.0,10,ci_stable,0.030159811989684003,0.05269023588350128,-0.49159366342383365,-0.03399251616573395
10,small_world,independent,-0.6122387712483081,0.12167190070676707,33.2,4.71950041959171,1.5717178206941065e-09,8.826082054446028e-10,8.044726890700415e-10,9.051336197240523e-10,9.879958067871598e-10,1.0,20,ci_stable,0.0533250616226594,0.06122387712483081,-0.49646904424882393,-0.36407372985516623
11,cycle_baseline,cascade,-0.047703266884775816,0.0029186039838597255,319.4,28.10772926517623,9.024843050164156e-08,1.8073776250644548e-08,5.768535861356836e-08,5.768535861356836e-08,5.768535861356836e-08,1.0,10,ci_stable,0.0018089694906994558,0.004770326688477582,-0.04602686916583401,-1.0552792275244804
11,cycle_baseline,heterogeneous_cascade,-0.048391251686119484,0.0033468729541100283,307.7,25.17516412834063,1.1442259474876564e-07,3.459051791380116e-08,7.384179021917758e-08,7.384179022362052e-08,7.384179021819639e-08,1.0,10,ci_stable,0.002074413348543962,0.004839125168611949,-0.046040378744734343,-1.33806087502113
11,cycle_baseline,independent,-0.04949298663778656,0.004994623828036289,311.1,32.29533850091819,1.0120790609379531e-07,2.001420562519591e-08,6.968173579869722e-08,4.824999723705558e-08,5.188322284149999e-08,1.0,10,ci_stable,0.003095699921059391,0.004949298663778657,-0.04654972819945836,-1.1106652353500497
11,random_strong,cascade,-0.2405404400310548,0.10260078471689157,76.5,23.366273956724243,4.4053273688682634e-08,3.406224526373043e-08,3.0572293348437076e-08,3.057229334901632e-08,3.05722933451076e-08,1.0,30,max_repeats_reached,0.036715219282019575,0.02405404400310548,-0.13508257806703255,-2.692658079565983
11,random_strong,heterogeneous_cascade,-0.2507659430813319,0.08822776401285556,74.56666666666666,23.801888266636986,4.294891446998014e-08,3.862921187329541e-08,2.9205558447326767e-08,2.9205558447621723e-08,2.9204908694547415e-08,1.0,30,max_repeats_reached,0.031571899878081226,0.02507659430813319,-0.12106210613548568,-3.5255293296358707
11,random_strong,independent,-0.2749290842993528,0.11432488429235758,73.36666666666666,30.926479373455717,4.3959655829677815e-08,5.419493483855851e-08,2.7071919228753834e-08,2.987652715957941e-08,2.327276064015298e-08,1.0,30,max_repeats_reached,0.04091063443391363,0.027492908429935282,-0.0951890117840917,-3.889418241909724
11,scale_free,cascade,-0.4770641866949298,0.09263578048508195,39.15,8.524114400674682,7.074006241757998e-09,1.4175052736784543e-08,5.059531389561719e-09,5.059531388468931e-09,5.059531358077047e-09,1.0,20,ci_stable,0.040599420853424766,0.04770641866949298,-0.23013410425221256,-3.783206466775184
11,scale_free,heterogeneous_cascade,-0.45278390816946285,0.06700460604852451,39.86666666666667,5.527420822805242,6.293401475145068e-09,5.877403764432894e-09,4.340786295072341e-09,4.34078556115263e-09,4.763748075598292e-09,1.0,15,ci_stable,0.0339090091837629,0.04527839081694629,-0.3424082486914624,-2.0435135214074753
11,scale_free,independent,-0.5360677386398688,0.14820276174962857,36.86666666666667,9.55468230884672,7.059226490377937e-09,8.722152857604422e-09,4.510009792556011e-09,4.23417965601569e-09,4.184618110181609e-09,1.0,30,ci_stable,0.05303367718729244,0.05360677386398687,-0.2559655299673649,-3.4307604065438917
11,small_world,cascade,-0.4661454671219933,0.06970230745323552,40.2,5.977736472389304,2.606618243024649e-09,1.7587397608116503e-09,1.7158425473847443e-09,1.7158425442342684e-09,1.7158425402870185e-09,1.0,10,ci_stable,0.04320193774542471,0.046614546712199334,-0.3842742955216879,-0.6257285365864151
11,small_world,heterogeneous_cascade,-0.5023378334677787,0.04882917844069594,37.9,3.6651512019742563,2.3430465460093397e-09,1.1363552471714974e-09,1.5505664615204383e-09,1.5505664504418795e-09,1.5475487800688008e-09,1.0,10,ci_stable,0.030264638348888085,0.050233783346777874,-0.42622683666587574,-0.4834543727534804
11,small_world,independent,-0.49490327830141717,0.09731860162219817,39.86666666666667,7.809030181844118,2.7508963790205157e-09,1.4518302414884958e-09,1.5017938188331099e-09,1.4102828980661865e-09,1.7577963342052072e-09,1.0,15,ci_stable,0.049250007585571784,0.04949032783014171,-0.3002223982746244,-1.8045935695108364
12,cycle_baseline,cascade,-0.0395854988519021,0.002733551088165052,378.3,31.808629157649797,1.1329559464994141e-07,3.201431411149768e-08,7.269548476577459e-08,7.26954847664117e-08,7.269548476560916e-08,1.0,10,ci_stable,0.0016942725176505285,0.003958549885190211,-0.03811024848432767,-1.1663080566952972
12,cycle_baseline,heterogeneous_cascade,-0.04066296506337145,0.003157791880738271,378.6,31.86150585825402,9.953193149231152e-08,1.833859431073687e-08,6.391838423148722e-08,6.391838423270038e-08,6.391838423162327e-08,1.0,10,ci_stable,0.0019572196851042663,0.0040662965063371454,-0.03858822237168677,-1.003736943447293
12,cycle_baseline,independent,-0.039074726655789795,0.0017575421589163033,391.2,23.58813260942884,1.0512966433624007e-07,9.870379720014656e-09,5.369605803989651e-08,6.087063091438689e-08,6.422767111488585e-08,1.0,10,ci_stable,0.0010893359159652438,0.00390747266557898,-0.03785188937175725,-1.0046731898726315
12,random_strong,cascade,-0.2710427582237459,0.032370132323866416,64.4,6.931409989637349,2.882321613620701e-08,2.077474977511051e-08,2.002257288944076e-08,2.002257288780074e-08,2.002257288476666e-08,1.0,10,ci_stable,0.020063215875673602,0.027104275822374586,-0.23669901424358825,-0.5636534468213628
12,random_strong,heterogeneous_cascade,-0.2844487770519264,0.10686763306561559,68.8,26.17105534614595,2.938504666292587e-08,2.558151210736471e-08,2.060391338448821e-08,2.0603913185530953e-08,2.0608729723673434e-08,1.0,30,max_repeats_reached,0.038242091354185444,0.028444877705192634,-0.11626172018046861,-3.4815257735346257
12,random_strong,independent,-0.2810843047445418,0.11073297292414304,73.23333333333333,35.368682166019696,4.1278625214983584e-08,5.842514968167785e-08,2.668367930083181e-08,2.043163648590289e-08,2.9544867742535033e-08,1.0,30,max_repeats_reached,0.03962528545837247,0.028108430474454184,-0.07345784156783995,-5.328180836018197
12,scale_free,cascade,-0.4852474871798022,0.07613695432345603,37.4,6.1388691373667745,5.8839447158339605e-09,9.300616712523056e-09,4.07177709700851e-09,4.071777099195917e-09,4.071777123370384e-09,1.0,15,ci_stable,0.03853061506709146,0.04852474871798022,-0.3158135213021962,-2.4263961149488704
12,scale_free,heterogeneous_cascade,-0.45473181359219755,0.11719783891575468,41.86666666666667,13.436269323489062,9.470095094892906e-09,1.270864186528254e-08,6.409971427601654e-09,6.409967062205072e-09,6.691949415117e-09,1.0,30,ci_stable,0.04193870804247689,0.04547318135921975,-0.200259066281747,-3.510901379920945
12,scale_free,independent,-0.5295634191770524,0.1462626355480743,37.06666666666667,9.398948339312089,7.989945027743937e-09,1.129476525389446e-08,4.103788357491233e-09,4.138205961991113e-09,6.121691281793191e-09,1.0,30,ci_stable,0.05233941194242701,0.05295634191770524,-0.238614364492702,-4.056309668793538
12,small_world,cascade,-0.4600225444232854,0.06826030379497065,40.6,6.310485101972924,2.8621788231875627e-09,1.524889774177811e-09,1.8614840398723911e-09,1.8614840390040417e-09,1.8614840326189788e-09,1.0,10,ci_stable,0.042308174618359916,0.046002254442328555,-0.33467772542128754,-1.5098761392922677
12,small_world,heterogeneous_cascade,-0.4073010870384814,0.0604409853611142,45.4,5.910442735813735,3.7817057127738045e-09,1.1863183745065712e-09,2.5182074416639812e-09,2.518207439406894e-09,2.5603713896573616e-09,1.0,10,ci_stable,0.037461710842139034,0.04073010870384814,-0.3577062730153103,-0.3971473392838098
12,small_world,independent,-0.47706919761002603,0.10650041124292624,41.24,7.201157314395142,3.0279604346689453e-09,1.4597252384877904e-09,1.3651233047412332e-09,1.9695456281596644e-09,1.80508260491858e-09,1.0,25,ci_stable,0.04174816120722709,0.04770691976100261,-0.36148709033785875,-0.7145527722830836
13,cycle_baseline,cascade,-0.03454167373656567,0.002851076706691632,422.2,47.92308652645633,1.3589187199408127e-07,5.766212147547219e-08,8.717185095749866e-08,8.717185095754595e-08,8.717185095743556e-08,1.0,10,ci_stable,0.001767115650691487,0.0034541673736565672,-0.03304945405562722,-1.3544410357596768
13,cycle_baseline,heterogeneous_cascade,-0.0331999074636566,0.0019469574968280592,446.2,28.23236912954113,1.1299778959879622e-07,2.6795033361871242e-08,7.247376113776469e-08,7.247376113557368e-08,7.247376113152877e-08,1.0,10,ci_stable,0.0012067367587132768,0.0033199907463656603,-0.03249617199846181,-1.332295347090366
13,cycle_baseline,independent,-0.033722203844484884,0.001516099430315774,442.0,18.89738371074449,1.2366332661200114e-07,2.068850301862579e-08,6.175660657441067e-08,7.472483995755492e-08,6.88445371424007e-08,1.0,10,ci_stable,0.0009396881623799892,0.0033722203844484887,-0.03318000928989799,-1.2812064002653873
13,random_strong,cascade,-0.2502694013050778,0.0867882372519123,74.06666666666666,24.491987899400243,4.858005172287764e-08,7.575025583307322e-08,3.298414932097605e-08,3.2984149321400144e-08,3.298414931963943e-08,1.0,30,max_repeats_reached,0.03105677184240192,0.025026940130507783,-0.081659147874753,-5.4897620553315996
13,random_strong,heterogeneous_cascade,-0.2527475833832245,0.10114479716665359,72.9,23.653169212456568,4.1425134644709246e-08,4.082320659303132e-08,2.8824557173960357e-08,2.882455721509e-08,2.8850658085368902e-08,1.0,30,max_repeats_reached,0.03619420082854105,0.02527475833832245,-0.11149000879489047,-3.7317399850259894
13,random_strong,independent,-0.2492377732950658,0.08193414641705282,74.4,24.80072301504465,3.779472169154428e-08,4.110236551750399e-08,1.7921089151224902e-08,2.7877037586531833e-08,2.7100796279349286e-08,1.0,30,max_repeats_reached,0.02931975774539993,0.024923777329506583,-0.1032361939778709,-4.061407653935387
13,scale_free,cascade,-0.4659680943635488,0.09187269300126347,39.25,7.01033072273379,6.446367836651425e-09,6.669195006924159e-09,4.37294732012997e-09,4.37294731947282e-09,4.372947301056831e-09,1.0,20,ci_stable,0.040264983018051675,0.046596809436354886,-0.3118063871957213,-2.589351585562951
13,scale_free,heterogeneous_cascade,-0.4414379831684806,0.09722618155260641,41.1,7.319045091583436,7.152759710809422e-09,5.63951943771717e-09,4.991697701980798e-09,4.991697639933672e-09,5.110738773594568e-09,1.0,20,ci_stable,0.042611252824295336,0.04414379831684807,-0.30201281321463114,-2.545076780828081
13,scale_free,independent,-0.49462783745225,0.14875065914751137,39.56666666666667,9.496581357060252,1.0230209392730418e-08,1.3079355457046921e-08,5.674166179407556e-09,5.727416922074913e-09,7.155636519919785e-09,1.0,30,max_repeats_reached,0.053229739753118045,0.049462783745224996,-0.2644253046478784,-2.943916964304951
13,small_world,cascade,-0.38616117080749257,0.08253449444732398,48.36,8.596898665604165,5.480548965948257e-09,2.5627133368550685e-09,3.60656678136387e-09,3.6065667814496175e-09,3.6065667801639e-09,1.0,25,ci_stable,0.032353521823351,0.03861611708074926,-0.2695256368229371,-1.3731677951576344
13,small_world,heterogeneous_cascade,-0.40780249668531054,0.09385690260483513,47.0,10.251016209787851,5.2708815804492e-09,3.2650761608806185e-09,3.4781331619844608e-09,3.4781328760509896e-09,3.47936900664175e-09,1.0,25,ci_stable,0.03679190582109538,0.04078024966853107,-0.23149626439494658,-1.9297962554886687
13,small_world,independent,-0.37846326420308474,0.049572460118190706,48.0,5.120763831912405,6.052122817836982e-09,2.234575508055718e-09,3.0762588636359226e-09,4.041147227144883e-09,3.2564419867795865e-09,1.0,10,ci_stable,0.030725329105503112,0.037846326420308475,-0.3450147885779918,-0.2489812228940167
14,cycle_baseline,cascade,-0.029131045776193056,0.0017010612392292029,486.2,17.034605301496644,3.0427571693457385e-07,2.2885497065445687e-07,1.9608543063769087e-07,1.9608543063762578e-07,1.9608543063762578e-07,0.5,10,ci_stable,0.001054328679256998,0.002913104577619306,-0.028211456604001154,-1.1878948935729767
14,cycle_baseline,heterogeneous_cascade,-0.0290177584998891,0.002191977178582668,483.7,48.097239468023986,3.1384881762316983e-07,2.0867868567320096e-07,2.0015420675075096e-07,2.0015420674611346e-07,2.0015420674882137e-07,0.3,10,ci_stable,0.0013586015308324538,0.00290177584998891,-0.02815211604276906,-1.2082468970543383
14,cycle_baseline,independent,-0.029250183436062015,0.0020787551223346427,490.5,15.918193644031625,2.238177020214045e-07,1.652579570739295e-07,1.0934838153061124e-07,1.5905236025774114e-07,1.086805828107035e-07,0.4,10,ci_stable,0.0012884257733266076,0.002925018343606202,-0.028461037534466292,-1.4586600854175371
14,random_strong,cascade,-0.22832894472651302,0.09422616921878181,83.03333333333333,34.275238205196885,4.9901648689814784e-08,7.273570872106267e-08,3.4842814815689615e-08,3.484281481553772e-08,3.4842814816141116e-08,1.0,30,max_repeats_reached,0.03371840161377147,0.022832894472651306,-0.060928981569454956,-6.580888479191028
14,random_strong,heterogeneous_cascade,-0.25115591578432556,0.11345300108050589,78.7,34.659078524074054,4.243003579394294e-08,4.466741144356403e-08,3.0576796557686053e-08,3.057679656029192e-08,3.0580117890818e-08,1.0,30,max_repeats_reached,0.04059863503352137,0.025115591578432545,-0.0990210896781339,-3.256397999410449
14,random_strong,independent,-0.2387637092082156,0.09890181174865524,81.33333333333333,33.61376291746082,5.849750535235553e-08,7.894374935830326e-08,3.5600448358335705e-08,3.075233629099151e-08,4.021371464097643e-08,1.0,30,max_repeats_reached,0.035391558804940375,0.023876370920821562,-0.0773762166202947,-4.441053601827225
14,scale_free,cascade,-0.45607139886008474,0.09442512188596633,40.95,6.6449426752903396,6.577832304893405e-09,4.774137606466289e-09,4.586840927605968e-09,4.586840929540594e-09,4.586840914916167e-09,1.0,20,ci_stable,0.04138363429886187,0.045607139886008466,-0.3552897451854207,-1.2481040113532913
14,scale_free,heterogeneous_cascade,-0.4834048794585727,0.08317030524507336,37.733333333333334,4.233652031498282,5.616382488968572e-09,3.8039079439497025e-09,4.0660585532497315e-09,4.066058481037476e-09,4.099719129952063e-09,1.0,15,ci_stable,0.042089981729452455,0.048340487945857276,-0.4150105575541335,-1.439206416129109
14,scale_free,independent,-0.4633203776840837,0.10820007154288964,41.0,9.98749217771909,7.825708796760577e-09,7.1464897782339595e-09,4.572164027891916e-09,4.677083697887884e-09,5.352595787274703e-09,1.0,25,ci_stable,0.04241442804481274,0.04633203776840837,-0.2064428710629242,-4.331357019775301
14,small_world,cascade,-0.3804875112047066,0.08316553928199076,48.75,8.75920568376644,6.211868561239891e-09,3.869814765048193e-09,4.0820266559207115e-09,4.082026656354156e-09,4.082026651595191e-09,1.0,20,ci_stable,0.036448904647112236,0.03804875112047067,-0.2664271044746843,-1.5219843428280717
14,small_world,heterogeneous_cascade,-0.3728055796076194,0.0994440311332394,50.666666666666664,11.686518414124805,6.135359585031454e-09,4.35477660829352e-09,4.060095885636132e-09,4.0600960584614e-09,4.085051443411705e-09,1.0,30,ci_stable,0.035585589519801876,0.03728055796076194,-0.23894137999892567,-1.5949344178317004
14,small_world,independent,-0.3564554862768488,0.08249825190637952,52.4,10.59087657687817,6.5135719889883745e-09,3.083494610504382e-09,3.6075980987805737e-09,3.80867655591942e-09,3.6331740304228135e-09,1.0,25,ci_stable,0.03233931474730077,0.03564554862768489,-0.24313685112349273,-1.5832288268038344
15,cycle_baseline,cascade,-0.025301998493968476,0.001194794054023564,500.0,0.0,1.291365612719702e-06,8.432222513485253e-07,8.241213976918606e-07,8.241213976918606e-07,8.241213976918606e-07,0.0,10,ci_stable,0.0007405410269259823,0.002530199849396847,-0.025050984848771208,-1.2451872037450673
15,cycle_baseline,heterogeneous_cascade,-0.02571149732520628,0.0016308373539051437,500.0,0.0,7.062385658872631e-07,4.7205244948518655e-07,4.5375348284670846e-07,4.5375348284727936e-07,4.5375348284528015e-07,0.1,10,ci_stable,0.0010108034641979802,0.002571149732520628,-0.025287706208078783,-1.7450122669538237
15,cycle_baseline,independent,-0.026205163485576492,0.0019571238849943706,496.3,11.700427342623005,7.722238823796871e-07,3.2987318918075726e-07,3.795053302041085e-07,4.394249384473831e-07,4.5384886152606654e-07,0.1,10,ci_stable,0.0012130379513811307,0.00262051634855765,-0.02576511148490524,-1.4586572053366322
15,random_strong,cascade,-0.26640539274245684,0.08873943023771341,72.4,39.33288524973683,5.0592550067828245e-08,1.1765096202054034e-07,3.713621726576607e-08,3.7136217265349894e-08,3.713621726601815e-08,1.0,30,max_repeats_reached,0.03175499728514975,0.026640539274245686,-0.04757275655859072,-5.784222159534407
15,random_strong,heterogeneous_cascade,-0.23667142605354968,0.10014188142668429,80.1,31.60243334149205,5.3976167471755956e-08,6.1988294677719e-08,3.829097741982788e-08,3.829097742108689e-08,3.829101948897528e-08,1.0,30,max_repeats_reached,0.03583531204015637,0.023667142605354966,-0.08168216128221822,-4.692428571428917
15,random_strong,independent,-0.25027269359248483,0.10376842239155624,77.6,30.788040669647394,4.3222759873220395e-08,4.255466826977669e-08,2.7525596511568167e-08,2.8792128321590496e-08,2.729189910653498e-08,1.0,30,max_repeats_reached,0.03713305305771195,0.025027269359248483,-0.09046618250654576,-4.518926710709501
15,scale_free,cascade,-0.45814608232392706,0.07098007534558437,40.0,5.14241620684717,5.246435076332405e-09,4.0363323353987424e-09,3.677858970558135e-09,3.677858967668247e-09,3.6778588939891105e-09,1.0,10,ci_stable,0.043993906490152314,0.04581460823239271,-0.3732512664963695,-1.33317282489835
15,scale_free,heterogeneous_cascade,-0.46292775548829657,0.04797576010553546,39.5,3.205897343611891,4.204707624703066e-09,2.7236309205258917e-09,2.831493590879303e-09,2.8314935963407085e-09,2.9017681753643654e-09,1.0,10,ci_stable,0.0297356841846211,0.04629277554882965,-0.42831690920783294,-0.7592261124474905
15,scale_free,independent,-0.4393294787047449,0.13167081290345578,45.06666666666667,18.17905830673141,1.2863328369008553e-08,2.0710284810584553e-08,9.117501065193061e-09,6.870872894665941e-09,7.915402137620056e-09,1.0,30,max_repeats_reached,0.04711779526961315,0.0439329478704745,-0.12122881237184445,-4.7550343964647
15,small_world,cascade,-0.34125416338094167,0.04463087333013051,52.1,5.10881590977792,6.5574685758242694e-09,2.8990593625883244e-09,4.374865162844275e-09,4.374865162394261e-09,4.374865166588642e-09,1.0,10,ci_stable,0.02766250188239259,0.034125416338094176,-0.31725993205770275,-0.3372695356033265
15,small_world,heterogeneous_cascade,-0.31580246518161026,0.06121824368105336,57.666666666666664,10.627905765125178,6.946747026573385e-09,2.286094292367388e-09,4.5883612861306805e-09,4.5883612860518204e-09,4.58810663784807e-09,1.0,15,ci_stable,0.030980705799409515,0.03158024651816103,-0.22864046157057707,-1.3551100637936428
15,small_world,independent,-0.31978810600211677,0.08475584659468502,58.3,12.407311526287426,8.148832259827436e-09,3.2766472630766334e-09,4.8119553174397005e-09,4.191055429787694e-09,4.889127515185424e-09,1.0,30,ci_stable,0.03032949018609952,0.031978810600211675,-0.19712996944429317,-2.112952513387983
16,cycle_baseline,cascade,-0.02258583456324804,0.0010591052576471632,500.0,0.0,5.556915366141357e-06,5.553845053316376e-06,3.571905174402425e-06,3.5719051744024795e-06,3.5719051744017913e-06,0.0,10,ci_stable,0.0006564402396208014,0.0022585834563248037,-0.02204649265683808,-1.3483117017706707
16,cycle_baseline,heterogeneous_cascade,-0.022682096671515644,0.0014256443153733431,500.0,0.0,4.3381159641540515e-06,3.5079753085624997e-06,2.7783352921006655e-06,2.778335292102751e-06,2.7783352921019004e-06,0.0,10,ci_stable,0.0008836235012908284,0.0022682096671515647,-0.02220193683264869,-1.4785478400169956
16,cycle_baseline,independent,-0.02240104191509038,0.000963410100364217,500.0,0.0,4.94515290998457e-06,2.477330543657117e-06,3.2258617782369142e-06,2.408342753358332e-06,2.8334765243391207e-06,0.0,10,ci_stable,0.0005971277666406186,0.0022401041915090375,-0.02217717178637281,-1.415850325945525
16,random_strong,cascade,-0.25723962147212276,0.0944008407373148,73.26666666666667,24.53418914049554,3.134234479311971e-08,4.2942100252285594e-08,2.312772617939171e-08,2.312772618005635e-08,2.3127726177133504e-08,1.0,30,max_repeats_reached,0.03378090701392956,0.025723962147212277,-0.12824262855783947,-2.7409577305433594
16,random_strong,heterogeneous_cascade,-0.269422917239236,0.10764985046280096,71.93333333333334,24.739934676876008,3.062806366020326e-08,3.2084471970823695e-08,2.3037694007104703e-08,2.3037694005580156e-08,2.3043087496895945e-08,1.0,30,max_repeats_reached,0.038522004254882246,0.02694229172392361,-0.1342582543463706,-2.779488945865359
16,random_strong,independent,-0.2680762179323643,0.0976032716040332,78.23333333333333,64.62874525041994,5.193089369130699e-08,1.0256262624114388e-07,2.5890954548252172e-08,3.845865347311829e-08,2.926986199448108e-08,1.0,30,max_repeats_reached,0.03492688218197052,0.02680762179323643,-0.02978619766274381,-6.607171546712416
16,scale_free,cascade,-0.4010286382234466,0.10228774182647014,46.04,11.0131739294356,1.0688684560878434e-08,1.0393704760754918e-08,7.356339027769333e-09,7.356339026857553e-09,7.356339021490596e-09,1.0,25,ci_stable,0.04009679479597629,0.04010286382234467,-0.21965640330794076,-3.266187891899691
16,scale_free,heterogeneous_cascade,-0.513919344829165,0.07734606667957375,35.9,4.605552204797067,2.8144036391386484e-09,3.969692232614516e-09,1.9018733271099425e-09,1.9018398238272685e-09,2.1944493227801684e-09,1.0,10,ci_stable,0.04793958879749113,0.051391934482916506,-0.41365035987107746,-1.740141127439523
16,scale_free,independent,-0.42634099242352513,0.09060445313574012,42.8,6.732482141786467,9.75831483383791e-09,6.639262562137779e-09,4.535430578019817e-09,7.00915540050754e-09,5.3391561586329565e-09,1.0,20,ci_stable,0.039709152390038936,0.04263409924235252,-0.33660352907647906,-1.4467817624161927
16,small_world,cascade,-0.276217973619125,0.0517195549121661,64.93333333333334,12.71931414742762,8.860772316496297e-09,2.8218312753571062e-09,5.7264924141442244e-09,5.726492413989394e-09,5.72649241249507e-09,1.0,15,ci_stable,0.02617370604681569,0.0276217973619125,-0.19638389116768282,-1.4049676706431489
16,small_world,heterogeneous_cascade,-0.2811390161273851,0.04249132006348732,62.733333333333334,9.353888928955596,9.672692588389067e-09,2.17112451940461e-09,6.2435413418747626e-09,6.243541339583937e-09,6.243545320737611e-09,1.0,15,ci_stable,0.02150357486199605,0.028113901612738513,-0.22262731360754745,-1.2446422277984945
16,small_world,independent,-0.3000661117931318,0.04500001302247229,60.1,8.94986033410578,7.886766600023277e-09,2.3206085786439207e-09,5.475692221004275e-09,3.5607692331962056e-09,4.292802620863708e-09,1.0,10,ci_stable,0.027891297034097057,0.03000661117931319,-0.24128607902623847,-0.7472994596676541
17,cycle_baseline,cascade,-0.02041037125914243,0.0010139596091503734,500.0,0.0,1.2078096931472525e-05,7.203422929492989e-06,7.76689483721642e-06,7.76689483721646e-06,7.766894837216312e-06,0.0,10,ci_stable,0.0006284586767845399,0.002041037125914243,-0.020295611172303947,-1.4668103575239035
17,cycle_baseline,heterogeneous_cascade,-0.020198609859124573,0.0007104908836120824,500.0,0.0,1.3978822812923928e-05,1.125857610290452e-05,8.951409400920804e-06,8.951409400922514e-06,8.95140940092071e-06,0.0,10,ci_stable,0.0004403668120039568,0.002019860985912457,-0.01989838861694097,-1.525412999256975
17,cycle_baseline,independent,-0.021064076586882384,0.0010716188663665817,500.0,0.0,7.960401370671488e-06,4.825482412818454e-06,5.49556375441048e-06,3.6787136294861213e-06,4.178205149072248e-06,0.0,10,ci_stable,0.0006641962546598972,0.0021064076586882383,-0.02076837415289144,-1.6709653295102251
17,random_strong,cascade,-0.2575643856422865,0.08161676656028818,71.9,22.297904648736345,2.896285571036105e-08,2.136939276862529e-08,2.0856624544883092e-08,2.085662454508993e-08,2.085662454489889e-08,1.0,30,max_repeats_reached,0.029206184822259403,0.025756438564228653,-0.11387364268703977,-3.7108438966599326
17,random_strong,heterogeneous_cascade,-0.25761834818445306,0.1110401800155374,75.5,28.27421147411115,4.475441576419738e-08,4.7349500158216354e-08,3.158096329016503e-08,3.1580963290360024e-08,3.1580223644486595e-08,1.0,30,max_repeats_reached,0.03973521810417687,0.02576183481844531,-0.10984465686502015,-3.8156411746023857
17,random_strong,independent,-0.2312496792712721,0.03628744419045622,73.4,10.895462868144296,3.198022667906786e-08,8.75295634203075e-09,1.964525683409684e-08,2.125320428451527e-08,2.0413421925143497e-08,1.0,10,ci_stable,0.02249119092518496,0.02312496792712721,-0.18170919272048902,-1.6277863895336193
17,scale_free,cascade,-0.4467127136605426,0.08825749070759141,41.6,8.270429251254134,7.952348320171728e-09,7.980412622250108e-09,5.781864496970559e-09,5.781864496495703e-09,5.781864531231164e-09,1.0,15,ci_stable,0.044664452780638166,0.044671271366054276,-0.2617265312372145,-3.0661411376867393
17,scale_free,heterogeneous_cascade,-0.4186065614492692,0.06388362958730552,41.8,3.73571352696584,1.0121790315077657e-08,8.550818969237188e-09,7.3828938854152994e-09,7.38289389203368e-09,7.499471463043957e-09,1.0,10,ci_stable,0.03959548384010396,0.04186065614492693,-0.3860238599803447,-0.6461629785277132
17,scale_free,independent,-0.43790651683013476,0.12483967998364537,43.166666666666664,11.489375401928374,9.974726522287168e-09,1.1663494321096444e-08,4.985592672907915e-09,5.323344529320652e-09,8.326356846807247e-09,1.0,30,max_repeats_reached,0.04467330574852891,0.04379065168301349,-0.1826050461214112,-4.705460266680176
17,small_world,cascade,-0.2620794941993657,0.0400662905729336,66.0,8.781293248212993,1.3500656167398396e-08,6.57847516318381e-09,8.797442504437456e-09,8.797442504585899e-09,8.79744250636132e-09,1.0,10,ci_stable,0.024833344178502158,0.026207949419936566,-0.22880657518172168,-0.4242067768522987
17,small_world,heterogeneous_cascade,-0.2815090790498719,0.0545703910289659,63.8,11.23896283979468,8.930190883143936e-09,2.011578803242995e-09,5.9370888321271315e-09,5.937088830349266e-09,5.937095837530517e-09,1.0,15,ci_stable,0.027616428178424975,0.02815090790498719,-0.22672606904063303,-0.7217055030299522
17,small_world,independent,-0.2965552493225928,0.03623426210139788,60.6,7.456540752922899,8.9105493494454e-09,3.2536802560973803e-09,5.419590552200019e-09,3.619286366984078e-09,6.47823155400189e-09,1.0,10,ci_stable,0.022458228324883513,0.029655524932259283,-0.2481076705550763,-0.5431696142237874
18,cycle_baseline,cascade,-0.01853669288065328,0.0010914027453790345,500.0,0.0,2.8588380383168792e-05,1.9589671900158197e-05,1.8541795371162918e-05,1.8541795371162918e-05,1.854179537116286e-05,0.0,10,ci_stable,0.0006764584299118774,0.002,-0.01847827905215667,-1.454778917229285
18,cycle_baseline,heterogeneous_cascade,-0.017814433902649716,0.0006335039315275039,500.0,0.0,3.720307402134299e-05,1.3795865222634313e-05,2.4049853745781583e-05,2.4049853745784154e-05,2.4049853745780583e-05,0.0,10,ci_stable,0.00039264980473846024,0.002,-0.017723269813807983,-1.6401909446422998
18,cycle_baseline,independent,-0.018049518784273026,0.0013841944007174905,500.0,0.0,4.497761954806156e-05,2.7217327648077595e-05,2.3871997002478808e-05,2.2389486438002233e-05,2.9602170434348965e-05,0.0,10,ci_stable,0.0008579325780209391,0.002,-0.017660863625309442,-1.5416679412265677
18,random_strong,cascade,-0.2655340125228896,0.08938998179585488,70.2,22.514975858992933,3.2981310052341966e-08,2.6521207986629783e-08,2.4088448664521935e-08,2.408844866444442e-08,2.4088448663046132e-08,1.0,30,max_repeats_reached,0.0319877941704497,0.02655340125228896,-0.1248475383775691,-3.790524591394687
18,random_strong,heterogeneous_cascade,-0.2517679788412505,0.07925705927322568,71.2,19.973085338300503,3.3737259481246374e-08,3.516428815023932e-08,2.4624439389343218e-08,2.462443938979327e-08,2.4624444943052058e-08,1.0,30,max_repeats_reached,0.02836177441424021,0.02517679788412505,-0.11961301341574156,-3.9020853727203173
18,random_strong,independent,-0.2694002305124169,0.09874125223263487,69.53333333333333,21.389222766961694,3.084270755021235e-08,2.7662457421012327e-08,1.734224658996956e-08,1.8299870020948455e-08,2.41613963747764e-08,1.0,30,max_repeats_reached,0.03533410332002603,0.026940023051241685,-0.11809483738839079,-4.063970762782301
18,scale_free,cascade,-0.4323044233104693,0.09809778077554807,42.45,8.62356013915855,9.132890986498915e-09,9.849796941798396e-09,6.346216787145273e-09,6.346216787968004e-09,6.346216678946534e-09,1.0,20,ci_stable,0.04299324802617551,0.043230442331046934,-0.23008675870998066,-3.237419928581109
18,scale_free,heterogeneous_cascade,-0.4169838090932741,0.08881755651673175,43.65,8.33050829307868,9.989296705596722e-09,9.343508135525264e-09,6.837161081386531e-09,6.837161438500635e-09,6.866275335915162e-09,1.0,20,ci_stable,0.03892601041750095,0.0416983809093274,-0.24987503922839566,-2.857722498820069
18,scale_free,independent,-0.44881273135575606,0.07281033167581145,41.46666666666667,6.5450817594660515,6.976092579006291e-09,3.4253656881476843e-09,5.674740509699351e-09,3.2470135313960465e-09,3.804028874977362e-09,1.0,15,ci_stable,0.03684711172960146,0.0448812731355756,-0.3120983867866319,-1.9052036877076821
18,small_world,cascade,-0.2637441097426964,0.07234865171294273,69.13333333333334,16.535715438331398,1.034601994984341e-08,4.697707501614206e-09,6.810879210656787e-09,6.810879210824576e-09,6.810879209930977e-09,1.0,30,ci_stable,0.025889632518198834,0.026374410974269638,-0.1712766925676291,-1.765932578540371
18,small_world,heterogeneous_cascade,-0.2551661528772008,0.06284974775317025,70.26666666666667,14.92494633117673,1.0964088671635656e-08,4.243647032689959e-09,7.118244118638895e-09,7.118244118166352e-09,7.118158915717028e-09,1.0,30,ci_stable,0.022490493390908375,0.02551661528772008,-0.17688930446754558,-1.5110304516663053
18,small_world,independent,-0.25681707835489964,0.05845636946364183,70.7,13.704014010500721,1.1150787398362816e-08,4.7562866162233065e-09,5.437538354217523e-09,7.139664392532336e-09,6.285870888877375e-09,1.0,20,ci_stable,0.025619633504355026,0.02568170783548996,-0.1879838551533467,-1.1166272153414658
19,cycle_baseline,cascade,-0.016328127623768958,0.0010486601565952852,500.0,0.0,5.675771220519205e-05,2.7077692225984248e-05,3.65021707358859e-05,3.650217073588586e-05,3.6502170735885943e-05,0.0,10,ci_stable,0.000649966298916749,0.002,-0.016252126934981022,-1.933800927235215
19,cycle_baseline,heterogeneous_cascade,-0.016266671600650887,0.0005900901937858862,500.0,0.0,9.029522288457885e-05,5.2451772216281354e-05,5.790888085506552e-05,5.790888085506503e-05,5.790888085506641e-05,0.0,10,ci_stable,0.00036574169130953375,0.002,-0.016123896444980305,-1.5593241243356317
19,cycle_baseline,independent,-0.01629785342259015,0.0013844053373117064,500.0,0.0,0.0001215727627661746,9.38413675423951e-05,7.663999120643633e-05,7.548035741080199e-05,4.478142337844129e-05,0.0,10,ci_stable,0.0008580633178765412,0.002,-0.015800733409354204,-1.5349747273583267
19,random_strong,cascade,-0.2948691245956169,0.08905725495567389,62.9,18.334723040327525,2.2112772635138068e-08,1.6221638165062014e-08,1.5811435688974768e-08,1.581143568874012e-08,1.5811435697826375e-08,1.0,30,max_repeats_reached,0.031868729399824734,0.029486912459561695,-0.15605114919334986,-2.7119862207982925
19,random_strong,heterogeneous_cascade,-0.2694489482203101,0.09554325333873168,73.86666666666666,44.114063230591704,4.736554653959679e-08,7.938249093655965e-08,3.250580757826053e-08,3.2505807578114824e-08,3.2505237467376824e-08,1.0,30,max_repeats_reached,0.034189714113088694,0.026944894822031013,-0.04043129054227497,-7.9598903941822945
19,random_strong,independent,-0.26226696881084727,0.09462466060370242,71.43333333333334,24.354682808705267,3.547049565393139e-08,3.505937285613414e-08,2.3637085652736965e-08,2.523532098236252e-08,2.3248710452020858e-08,1.0,30,max_repeats_reached,0.033860999924493235,0.026226696881084727,-0.1173804266212104,-3.7156366231313416
19,scale_free,cascade,-0.41798984047464754,0.10083294252104072,43.92,10.668958087211077,1.0914193242420874e-08,1.496084546453587e-08,7.829412669471261e-09,7.829412670996584e-09,7.829412645778671e-09,1.0,25,ci_stable,0.03952651346824796,0.04179898404746476,-0.18882326839193947,-3.738668655020236
19,scale_free,heterogeneous_cascade,-0.41579090205618463,0.10029293903673946,44.43333333333333,9.46384529755701,9.694345457328227e-09,8.702875973462107e-09,6.7642620509816055e-09,6.764262071232906e-09,6.802010603108073e-09,1.0,30,ci_stable,0.035889367311689596,0.04157909020561847,-0.2479670957066883,-2.8126062336290967
19,scale_free,independent,-0.4175932098768199,0.10167163785658784,44.2,8.914923559345056,1.1574572836948948e-08,1.3089390090973684e-08,4.937928710150071e-09,8.530470014883367e-09,6.55717830572495e-09,1.0,30,ci_stable,0.0363827283481989,0.04175932098768199,-0.26123118163786047,-2.5808205733131953
19,small_world,cascade,-0.24145872812397795,0.05530701958639153,72.48,16.080837457462632,1.1836695558069157e-08,3.556569498925292e-09,7.748045914000514e-09,7.748045914041847e-09,7.748045912792592e-09,1.0,25,ci_stable,0.021680351677865483,0.02414587281239779,-0.1419398887800474,-2.536060409502104
19,small_world,heterogeneous_cascade,-0.24426467967021787,0.0418715030149979,71.4,12.240448171066753,1.1124014486259043e-08,4.877161831036035e-09,7.336556705176794e-09,7.336556705807662e-09,7.336556196519242e-09,1.0,15,ci_stable,0.021189904157414036,0.024426467967021782,-0.18304768940272212,-1.5612302814600505
19,small_world,independent,-0.24774855940246923,0.04486584529094533,71.2,11.875545100271033,1.213081105646661e-08,3.4747593561667066e-09,8.223732541303413e-09,6.723778043793058e-09,5.252086361790662e-09,1.0,15,ci_stable,0.022705250425712368,0.024774855940246924,-0.1856258228992807,-1.3994690307489233
20,cycle_baseline,cascade,-0.01452877922343902,0.0008721820038424393,500.0,0.0,0.00018815437180964438,0.00011481614019767277,0.00012005677310025198,0.00012005677310025207,0.00012005677310025205,0.0,10,ci_stable,0.00054058400660496,0.002,-0.014268273188190041,-1.7766138832360707
20,cycle_baseline,heterogeneous_cascade,-0.014629665028321807,0.0010903257565393508,500.0,0.0,0.00014008156485846134,6.75975726870202e-05,9.015591811341325e-05,9.015591811341389e-05,9.01559181134145e-05,0.0,10,ci_stable,0.000675790905313273,0.002,-0.014646698777410417,-1.912900083047848
20,cycle_baseline,independent,-0.01428890764912269,0.0007193727006712937,500.0,0.0,0.00023127737232981997,5.459418979471011e-05,0.00013609656498804305,0.00014103202595572975,0.00012113642838757362,0.0,10,ci_stable,0.00044587181925089415,0.002,-0.014314826421993861,-1.618689976788261
20,random_strong,cascade,-0.2625153444149663,0.09512667478089773,74.2,40.9140394081256,4.026620486413439e-08,5.4205716801993053e-08,2.9006403236354497e-08,2.9006403236278624e-08,2.9006403235444174e-08,1.0,30,max_repeats_reached,0.03404064339066426,0.026251534441496634,-0.04646770735134329,-7.155839128550216
20,random_strong,heterogeneous_cascade,-0.29390899035074364,0.09091356705612938,62.266666666666666,21.243957896927704,2.945963787208362e-08,3.25281109923849e-08,2.1017910126113162e-08,2.101791012767276e-08,2.1017943866614375e-08,1.0,30,max_repeats_reached,0.03253300215380173,0.029390899035074365,-0.07889647541620719,-7.091945572181623
20,random_strong,independent,-0.28223129985551876,0.0680956326448858,64.03333333333333,16.781523775565944,2.3346027534643184e-08,2.1375562932704806e-08,1.5722117494662507e-08,1.2975210676635585e-08,1.8158599530511616e-08,1.0,30,ci_stable,0.02436770919056357,0.028223129985551876,-0.12091645771183565,-4.044933730533951
20,scale_free,cascade,-0.4213812565243405,0.07645075329542177,43.333333333333336,6.9144431308330105,6.994274273720689e-09,4.913570001642685e-09,4.841795577242109e-09,4.841795577278968e-09,4.841795573384716e-09,1.0,15,ci_stable,0.03868941925757556,0.04213812565243405,-0.29746034449110914,-2.068593257548066
20,scale_free,heterogeneous_cascade,-0.4149718618347006,0.10350034671706436,44.8,10.392304845413262,1.0169240138407846e-08,1.0354932798230405e-08,7.164989657994856e-09,7.164989641038745e-09,7.3668746075140885e-09,1.0,25,ci_stable,0.04057213591308922,0.04149718618347005,-0.24854588262039135,-2.4396036160002006
20,scale_free,independent,-0.401726437395797,0.09406287050998893,45.92,9.424790006502354,1.1071755925948464e-08,1.0951500645113602e-08,5.288223371186293e-09,8.387195816379402e-09,6.052886074438139e-09,1.0,25,ci_stable,0.036872645239915666,0.040172643739579704,-0.2338261411303791,-2.9662712100914885
20,small_world,cascade,-0.2211067002325221,0.05401587572068365,79.16,18.68974763517867,1.4207835469020069e-08,4.688851220583616e-09,9.332314904354064e-09,9.33231490427453e-09,9.332314903101754e-09,1.0,25,ci_stable,0.021174223282507988,0.022110670023252208,-0.13131224314712434,-2.730874039904568
20,small_world,heterogeneous_cascade,-0.23061557180323483,0.04733808931825438,74.25,12.669378749360082,1.3494107021919508e-08,4.991685378342591e-09,8.834638771089096e-09,8.834638770658711e-09,8.83463888968709e-09,1.0,20,ci_stable,0.0207468323855524,0.023061557180323478,-0.18916273886184964,-1.047853273189428
20,small_world,independent,-0.2500182148648354,0.06957649515604394,73.0,16.611171978001988,1.2580928779820147e-08,4.610560644514761e-09,6.827130561016697e-09,6.160481331606366e-09,8.183548074932636e-09,1.0,30,ci_stable,0.02489762903448794,0.025001821486483545,-0.17538695733217893,-1.3648842978232825
